{"type": "block", "layer": 3, "block": 0, "features": [{"geom": {"triangles": {"v": [-51.30383215186948, 36.03373138130872, 0.3049526207811632, -51.76940903587772, -36.499297120337935, 0.3049526207811632, 52.328026372805226, -36.0337202363297, 0.3049526207811632, 52.328026372805226, 36.49926061646996, 0.3049526207811632], "f": [0, 1, 2, 0, 2, 3]}, "centroids": [[0.3958813151793139, -0.027092135721754142, 0.3049526207811632]]}, "mtl": 0}], "featureCount": 1}